{
  "experiment_name": "dqn_traffic_20260222_013934",
  "total_episodes": 10,
  "total_steps": 7446,
  "episode_rewards": [
    -29.899999999999967,
    -25.70000000000007,
    -50.20000000000006,
    -24.50000000000005,
    -40.10000000000007,
    -26.400000000000023,
    -28.800000000000068,
    -27.100000000000037,
    -26.900000000000073,
    -26.900000000000045
  ],
  "episode_lengths": [
    720,
    720,
    720,
    720,
    720,
    720,
    720,
    720,
    720,
    720
  ],
  "episode_waiting_times": [
    30.616666666666667,
    14.094444444444445,
    12.659722222222221,
    11.316666666666666,
    16.28611111111111,
    12.630555555555556,
    10.406944444444445,
    10.301388888888889,
    11.209722222222222,
    13.218055555555555
  ],
  "episode_queue_lengths": [
    3.4166666666666665,
    2.558333333333333,
    2.325,
    2.05,
    2.988888888888889,
    2.2597222222222224,
    1.9694444444444446,
    1.9791666666666667,
    2.0625,
    2.426388888888889
  ],
  "episode_throughputs": [
    0,
    0,
    0,
    0,
    0,
    0,
    0,
    0,
    0,
    0
  ],
  "episode_phase_changes": [
    299,
    247,
    252,
    245,
    261,
    264,
    258,
    271,
    269,
    269
  ],
  "best_reward": -24.50000000000005,
  "best_waiting_time": 10.301388888888889
}