policy,avg_reward,std_reward,avg_waiting_time,avg_queue_length
Random,-0.009999999999999279,0.0,42.798611111111114,3.1069444444444443
Fixed-Time (30s),-0.96,0.0,53.9875,3.936111111111111
