policy,avg_reward,std_reward,avg_waiting_time,avg_queue_length
Random,0.0,0.0,33.62916666666667,2.5694444444444446
Fixed-Time (30s),-0.18,0.0,52.60138888888889,3.6333333333333333
