{
  "experiment_name": "dqn_traffic_20260221_201250",
  "total_episodes": 10,
  "total_steps": 7200,
  "episode_rewards": [
    -30.499999999999975,
    -24.200000000000063,
    -29.00000000000004,
    -24.50000000000003,
    -24.900000000000063,
    -27.000000000000032,
    -24.90000000000004,
    -25.30000000000005,
    -27.600000000000076,
    -32.10000000000005
  ],
  "episode_lengths": [
    720,
    720,
    720,
    720,
    720,
    720,
    720,
    720,
    720,
    720
  ],
  "episode_waiting_times": [
    27.779166666666665,
    12.925,
    14.602777777777778,
    8.675,
    12.084722222222222,
    9.306944444444444,
    10.16388888888889,
    11.370833333333334,
    12.691666666666666,
    12.422222222222222
  ],
  "episode_queue_lengths": [
    3.5722222222222224,
    2.3875,
    2.6597222222222223,
    1.6708333333333334,
    2.2125,
    1.7902777777777779,
    1.9375,
    2.1444444444444444,
    2.3430555555555554,
    2.2527777777777778
  ],
  "episode_throughputs": [
    0,
    0,
    0,
    0,
    0,
    0,
    0,
    0,
    0,
    0
  ],
  "episode_phase_changes": [
    305,
    242,
    240,
    245,
    249,
    250,
    249,
    253,
    256,
    251
  ],
  "best_reward": -24.200000000000063,
  "best_waiting_time": 8.675
}